Date,Portfolio_Return
2018-10-10,-0.015772370363402375
2018-10-11,0.009536072350412162
2018-10-12,0.0005514307561145877
2018-10-15,0.018640653524599485
2018-10-16,-0.00017543920859397534
2018-10-17,-0.013273003851994515
2018-10-18,0.0024973516536306696
2018-10-19,-0.0001506440743542139
2018-10-22,-0.006835755104480251
2018-10-23,-0.026149558755499975
2018-10-24,0.014618343178217056
2018-10-25,-0.009973380081363363
2018-10-26,-0.0037797205826975043
2018-10-29,0.015918278070187326
2018-10-30,0.012011600795269604
2018-10-31,0.014946790643843369
2018-11-01,-0.004742649544223976
2018-11-02,0.005139961404118185
2018-11-05,0.001546061230712675
2018-11-06,0.008553812553443953
2018-11-07,0.0007104697122423263
2018-11-08,0.0017707787732850846
2018-11-09,-0.0037025148661418345
2018-11-12,-9.213078571589163e-05
2018-11-13,0.0005664020706420593
2018-11-14,0.009524153618866235
2018-11-15,0.0029645612027509468
2018-11-16,-0.008235638899931334
2018-11-19,-0.015607761589533036
2018-11-20,0.00927395767124199
2018-11-21,-0.0043620692368708846
2018-11-23,0.01179022222670836
2018-11-26,0.0025275712344802197
2018-11-27,0.010237392377598686
2018-11-28,0.004722694414285887
2018-11-29,0.0012356574877940936
2018-11-30,0.0094657886732239
2018-12-03,0.013859232876489914
2018-12-04,-0.0030345670355178098
2018-12-06,-0.008830737761817921
2018-12-07,-0.003122755451320551
2018-12-10,0.00039780256355086515
2018-12-11,0.008980307104186085
2018-12-12,-0.0033041990762011056
2018-12-13,-0.013072798197201954
2018-12-14,-0.020021021213314123
2018-12-17,0.0007316164972820256
2018-12-18,-0.014055958979926285
2018-12-19,-0.013946593818085374
2018-12-20,-0.01854278184910202
2018-12-21,-0.01989599309080246
2018-12-24,0.03842496138199641
2018-12-26,0.006801573146742883
2018-12-27,0.0034784189449027147
2018-12-28,0.004761982814296478
2018-12-31,0.001030990817113396
2019-01-02,-0.00865817379267547
2019-01-03,0.031014639399142802
2019-01-04,0.0050988015222247175
2019-01-07,0.0060333071383659245
2019-01-08,-0.003944007151606
2019-01-09,-0.0030243979069423236
2019-01-10,0.0036422730059049195
2019-01-11,0.00047825581628645013
2019-01-14,0.0019570234547209233
2019-01-15,0.0038602255339516616
2019-01-16,0.0004964645519431111
2019-01-17,-0.00389008816811814
2019-01-18,0.019722397646277128
2019-01-22,0.00041565242115265715
2019-01-23,-0.00033313540428115383
2019-01-24,-0.0007787388339257291
2019-01-25,0.0073750797924456435
2019-01-28,0.0006163048119652272
2019-01-29,0.0038703621543510424
2019-01-30,-0.0021319972638349748
2019-01-31,0.005049692709962511
2019-02-01,-0.00583501038225075
2019-02-04,-0.0009011936032073498
2019-02-05,0.0041071592127021155
2019-02-06,0.014501362690020973
2019-02-07,-0.0023575229873031376
2019-02-08,0.0006110733188781938
2019-02-11,0.009246492853335527
2019-02-12,-0.0010615011953797999
2019-02-13,0.003951353591893613
2019-02-14,-0.0013494179610752752
2019-02-15,0.005670248692491473
2019-02-19,-0.007310752601447186
2019-02-20,0.0075383044728225415
2019-02-21,0.0006634754143346073
2019-02-22,-0.004666596297558307
2019-02-25,0.004375313132531855
2019-02-26,0.0006506599311191001
2019-02-27,-0.0017938582200712617
2019-02-28,-0.006976911878527776
2019-03-01,0.0030573307506905393
2019-03-04,0.0013407593075964695
2019-03-05,-0.006669874883863765
2019-03-06,-0.008346518579678488
2019-03-07,-0.002096858837981439
2019-03-08,0.01362119723697837
2019-03-11,0.005954364651906035
2019-03-12,0.004585718616170893
2019-03-13,-0.0003551946878821496
2019-03-14,0.0021167562302176384
2019-03-15,0.0020865984388636887
2019-03-18,0.001568446579759243
2019-03-19,0.002415269445430507
2019-03-20,0.003113787586589112
2019-03-21,0.01885472234616726
2019-03-22,0.001218821055612825
2019-03-25,0.006408807927424515
2019-03-26,0.0009481393751088235
2019-03-27,-0.0038939330623580155
2019-03-28,0.0026578396911021685
2019-03-29,0.0073361002110227
2019-04-01,0.00010061280907918335
2019-04-02,-0.0014375611377054555
2019-04-03,0.001758216958813962
2019-04-04,-0.002693082091142464
2019-04-05,-0.0018058698448131462
2019-04-08,0.012122651373230714
2019-04-09,0.0018480600849077717
2019-04-10,0.0027015670158623776
2019-04-11,-0.006369125609001893
2019-04-12,0.0014153316551802056
2019-04-15,-0.0055715517877880935
2019-04-16,-0.015255788157576942
2019-04-17,0.001475184652362297
2019-04-18,-0.001079725045383549
2019-04-22,0.0068271190844895096
2019-04-23,0.00262397107944327
2019-04-24,0.002419841743474104
2019-04-25,0.003889264427886369
2019-04-26,0.003779761173169762
2019-04-29,0.002027396742142471
2019-04-30,0.0024593034783003996
2019-05-01,-0.0027961659202314945
2019-05-02,0.008877768119217802
2019-05-03,0.00643263002118855
2019-05-06,-0.003791948469254577
2019-05-07,-0.0007352264361928929
2019-05-08,-0.005652258271868071
2019-05-09,0.004861821793070173
2019-05-10,-0.025826383860119886
2019-05-13,0.011366737194172864
2019-05-14,0.003735497356628933
2019-05-15,0.004225795363878302
2019-05-16,-0.009486911707429636
2019-05-17,-0.005933925556349083
2019-05-20,0.010726413585432994
2019-05-21,-0.004069163872923421
2019-05-22,-0.012029279898733935
2019-05-23,0.0036380908280778564
2019-05-24,-0.0036001640074952716
2019-05-28,-0.005525427496443896
2019-05-29,0.0012221438183808281
2019-05-30,-0.01237165048745902
2019-05-31,0.0019027893440735429
2019-06-03,0.02324950902060124
2019-06-04,0.004350216274072915
2019-06-05,0.0037433408858638002
2019-06-06,0.01095153800382733
2019-06-07,0.004674413745935473
2019-06-10,0.002493615195583831
2019-06-11,-0.0003053822864409673
2019-06-12,0.00586029008792434
2019-06-13,-0.0034900990363499547
2019-06-14,0.00022603929835151768
2019-06-17,0.007205973657993199
2019-06-18,-0.00312825332025585
2019-06-19,-0.0048019572417581004
2019-06-20,0.008640062331753972
2019-06-21,0.005416377703108732
2019-06-24,0.0018780073754603268
2019-06-25,-0.0018733907559107966
2019-06-26,0.007911293170681514
2019-06-27,0.005599118013770246
2019-06-28,-0.0022509320646813863
2019-07-01,0.004305367197122814
2019-07-02,-0.00783550841731288
2019-07-03,0.007430050092350478
2019-07-05,-0.0035290044464641635
2019-07-08,-0.0006708818357439415
2019-07-09,0.00609681999618963
2019-07-10,-0.00605938082209407
2019-07-11,0.00019516405558040562
2019-07-12,0.003109046392327386
2019-07-15,0.0007542048692739749
2019-07-16,0.006020810265219305
2019-07-17,0.0021141414958364066
2019-07-18,0.0035226215027378454
2019-07-19,-0.0003168567396071163
2019-07-22,0.0032214787734193263
2019-07-23,-0.003603258910479087
2019-07-24,0.006506348601960193
2019-07-25,0.0035591472290632657
2019-07-26,-0.00012465386552465283
2019-07-29,0.0010814102358567496
2019-07-30,-0.0050045770510970125
2019-07-31,-0.00876065055916377
2019-08-01,-0.00834816321636404
2019-08-02,-0.02855824107971506
2019-08-05,0.009881882475694714
2019-08-06,0.0024599677850536805
2019-08-07,0.015317977571708774
2019-08-08,-0.004917571483549833
2019-08-09,-0.010146997546969228
2019-08-12,0.01041218095339284
2019-08-13,-0.02177057687257244
2019-08-14,0.001187014438273152
2019-08-15,0.014946394648897444
2019-08-16,0.009203222360135052
2019-08-19,-0.0020589051268394996
2019-08-20,0.004188688940471496
2019-08-21,-0.0070986855683099
2019-08-22,0.006750431962740464
2019-08-23,0.008977699991500204
2019-08-26,-0.0022320894797012497
2019-08-27,0.006695852172196172
2019-08-28,0.006215462431038304
2019-08-29,0.0015332250637044502
2019-08-30,0.002895152200448317
2019-09-03,0.005228366556962447
2019-09-04,0.007277607431205521
2019-09-05,-0.001940596769502481
2019-09-06,-0.005853185266918531
2019-09-09,-0.006515310875018861
2019-09-10,-0.001402093688561091
2019-09-11,-0.0026722255038905793
2019-09-12,-0.012589413137822832
2019-09-13,0.009917544913611992
2019-09-16,0.01087006306400683
2019-09-17,-0.003090295452287934
2019-09-18,-0.002149390380003523
2019-09-19,0.009472226675903663
2019-09-20,0.0020824441745407323
2019-09-23,-0.005538966088784092
2019-09-24,0.006491282301522618
2019-09-25,-0.001174242743842163
2019-09-26,-0.005749934497673666
2019-09-27,0.0048216002229188835
2019-09-30,-0.008613880320026622
2019-10-01,-0.0138654362524439
2019-10-02,0.006699542561366042
2019-10-03,0.010427049123303618
2019-10-04,0.000562880677870643
2019-10-07,-0.006600819036695513
2019-10-08,0.006992804823014897
2019-10-09,0.00454819330287954
2019-10-10,0.00022317317191356955
2019-10-11,-6.228379220093128e-05
2019-10-14,-0.0012205877836356533
2019-10-15,-0.0002105272428639222
2019-10-16,-0.0006014085342114873
2019-10-17,-0.0018973120171906
2019-10-18,0.0006104891002495711
2019-10-21,0.005670491787804084
2019-10-22,0.0008089607969495237
2019-10-23,0.002924361479566809
2019-10-24,-0.005352519451759992
2019-10-25,-0.0008350582576966449
2019-10-28,-0.00015554682921276855
2019-10-29,0.0074112455858885385
2019-10-30,0.0022798937988521145
2019-10-31,0.0015961127217626603
2019-11-01,0.0005117138202061107
2019-11-04,-0.00467431203843866
2019-11-05,0.004680190925795585
2019-11-06,-0.008412989886947999
2019-11-07,-0.00032751818318975883
2019-11-08,-0.00048417171031304843
2019-11-11,-0.0007185741668006262
2019-11-12,0.003981506607543183
2019-11-13,0.0012123280654433488
2019-11-14,0.003147897237480836
2019-11-15,-0.0044711557379428
2019-11-18,0.003927955322760938
2019-11-19,0.0019266109131028722
2019-11-20,-0.0021279191970899145
2019-11-21,0.002167685138797726
2019-11-22,-0.0011283371318776697
2019-11-25,0.0036995223519617646
2019-11-26,-0.007828928773931518
2019-11-27,0.004719082904279325
2019-11-29,0.005695478379812108
2019-12-02,0.0009813745668604305
2019-12-03,0.006661231763379906
2019-12-04,0.0019244833680926647
2019-12-05,-0.0017591904843761996
2019-12-06,0.004790172208612719
2019-12-09,-0.0010200097705936285
2019-12-10,0.002533293257451845
2019-12-11,-0.00709967718854237
2019-12-12,0.0021460820382332925
2019-12-13,-0.0034407072780180477
2019-12-16,-0.0035089824267933683
2019-12-17,0.0001315997513465931
2019-12-18,-0.0018577187664564003
2019-12-19,-0.002929368677588276
2019-12-20,-0.001982314445408517
2019-12-23,-0.0006309013048555666
2019-12-24,-0.004140559189299035
2019-12-26,0.002906719255154075
2019-12-27,0.012237436558747577
2019-12-30,-0.0005414987158603423
2019-12-31,-0.0053181688682418715
2020-01-02,0.01739999163802427
2020-01-03,0.0015723794276176239
2020-01-06,0.0001770510571770286
2020-01-07,0.0028065984851403
2020-01-08,-0.0033443220878069876
2020-01-09,0.00025322260816357375
2020-01-10,0.0017349203171490002
2020-01-13,0.008147813332878482
2020-01-14,-0.0006402062495488999
2020-01-15,-0.009592639229118708
2020-01-16,-0.0036400504542776213
2020-01-17,0.00627741670729525
2020-01-21,-0.0014569877538453
2020-01-22,-0.006808343329885214
2020-01-23,-0.0016192188824442966
2020-01-24,-0.014798665860179487
2020-01-27,0.008626216012754411
2020-01-28,-0.0011422991986461827
2020-01-29,-0.0017154905657693264
2020-01-30,-0.0164632070713417
2020-01-31,0.0055784233047507185
2020-02-03,0.015255896999407674
2020-02-04,0.010908519242274449
2020-02-05,0.0009577299327613177
2020-02-06,-0.00036132792408529997
2020-02-07,-0.0011220479029897443
2020-02-10,0.00595734024871733
2020-02-11,-0.0009031299575665106
2020-02-12,0.0004950213167104667
2020-02-13,-0.004699950828413354
2020-02-14,-0.006780368668974323
2020-02-18,0.005425308204796015
2020-02-19,0.0015398573356238223
2020-02-20,-0.0029187250417844306
2020-02-21,-0.033218711982227
2020-02-24,-0.02416076320923385
2020-02-25,-0.00442862370640471
2020-02-26,-0.036137512651148083
2020-02-27,-0.01227972659976641
2020-02-28,0.03035403412012591
2020-03-02,-0.01248999138815842
2020-03-03,0.032231703881425655
2020-03-04,-0.027883648097299277
2020-03-05,-0.021060836781833764
2020-03-06,-0.08567135608335916
2020-03-09,0.04104651653813568
2020-03-10,-0.0481754844246151
2020-03-11,-0.0992037103344767
2020-03-12,0.06702347249612298
2020-03-13,-0.09406343654303667
2020-03-16,0.048467856033822365
2020-03-17,-0.07256983302952305
2020-03-18,0.02027231266476972
2020-03-19,-0.014650241452854566
2020-03-20,-0.026042920820118335
2020-03-23,0.08585835658453646
2020-03-24,0.04146047198281918
2020-03-25,0.056642689111689216
2020-03-26,-0.02761324997771775
2020-03-27,0.007788025209288339
2020-03-30,0.0021984637502596937
2020-03-31,-0.03447506497672206
2020-04-01,0.015123956563728846
2020-04-02,-0.023709527221636488
2020-04-03,0.06531126085852791
2020-04-06,0.022524740499959842
2020-04-07,0.037650832355518485
2020-04-08,0.018629138596727254
2020-04-09,-0.011718885797395925
2020-04-13,0.0007379006784321782
2020-04-14,0.005337207953652427
2020-04-15,0.0005468194636578399
2020-04-16,0.03179817033450049
2020-04-17,0.003614989616650774
2020-04-20,0.0034731292356010154
2020-04-21,0.01291889566538015
2020-04-22,0.009922526307638145
2020-04-23,-0.0032602625723586664
2020-04-24,-0.008372493431640754
2020-04-27,0.0025458812093236
2020-04-28,0.0112669934817321
2020-04-29,0.023807469468957478
2020-04-30,0.0005619965833693995
2020-05-01,0.0025017332750747107
2020-05-04,0.0032278091314201333
2020-05-05,-0.010293752404527514
2020-05-06,0.010486282147937094
2020-05-07,0.004895197249459306
2020-05-08,-0.01508524090867297
2020-05-11,0.011288444047466616
2020-05-12,-0.007251572235169565
2020-05-13,0.008773958889641107
2020-05-14,0.00173404428235635
2020-05-15,0.034996100908986194
2020-05-18,0.005131001318423457
2020-05-19,0.000491452400026899
2020-05-20,0.00021496654158002017
2020-05-21,0.00516144068254629
2020-05-22,0.005352286678453382
2020-05-26,0.0031283857276988153
2020-05-27,0.006877772319860378
2020-05-28,0.0010000307619939001
2020-05-29,-0.004118211639833956
2020-06-01,-0.004914287756180909
2020-06-02,-0.020549125873792574
2020-06-03,-0.002237590687891737
2020-06-04,-0.01672779909163557
2020-06-05,-0.009330164751707785
2020-06-08,0.019276502599379252
2020-06-09,0.007508246701107647
2020-06-10,0.046877930570618405
2020-06-11,0.015010346376428377
2020-06-12,0.006745722818912854
2020-06-15,0.010674675250595162
2020-06-16,0.0008250440326090386
2020-06-17,0.00042244259613360773
2020-06-18,0.0017408975197074899
2020-06-19,-0.003406660683111619
2020-06-22,-0.006027932485764521
2020-06-23,-0.0007010000533807201
2020-06-24,0.010375338723840725
2020-06-25,-0.009831541723435528
2020-06-26,0.016456700297466396
2020-06-29,0.0065714504256310065
2020-06-30,0.005974905957708683
2020-07-01,0.0017500609878581337
2020-07-02,0.0102911087510725
2020-07-06,0.020050793060863065
2020-07-07,-0.004148958254982825
2020-07-08,-0.001392648182378709
2020-07-09,0.017320726125247793
2020-07-10,0.01089734867045103
2020-07-13,0.0032317311897014935
2020-07-14,0.004839869675821101
2020-07-15,0.0038328952169110397
2020-07-16,-0.0003367602305486125
2020-07-17,-0.0032558402966796126
2020-07-20,0.00038465284397736665
2020-07-21,0.005894438681257784
2020-07-22,0.009720328408903899
2020-07-23,-0.003748510486727667
2020-07-24,0.008599467807722772
2020-07-27,0.004686368493630137
2020-07-28,0.0028231236708588167
2020-07-29,0.004088448956608413
2020-07-30,-0.00923433963744905
2020-07-31,0.015469872366409064
2020-08-03,0.0051154732264545
2020-08-04,0.0042461998573653575
2020-08-05,-0.0017361187501981287
2020-08-06,0.00831595572730654
2020-08-07,-0.006772598554847071
2020-08-10,-0.001695427883025082
2020-08-11,0.006675084480824902
2020-08-12,-0.0003461378598639456
2020-08-13,-0.003063395688332313
2020-08-14,0.0038515736590998967
2020-08-17,0.0034816164772204124
2020-08-18,0.004698319032822725
2020-08-19,0.004052898847431635
2020-08-20,-0.0031282250906426038
2020-08-21,0.014698817548531475
2020-08-24,0.0013677905518390502
2020-08-25,-0.00019779341391919287
2020-08-26,0.002312621328651723
2020-08-27,-0.0006451926346523
2020-08-28,0.005695934923429453
2020-08-31,-0.0007266577373726861
2020-09-01,-0.012596986343333342
2020-09-02,0.06673627935530015
2020-09-03,-0.004130092042169222
2020-09-04,-0.02079896747885091
2020-09-08,0.018406033092672615
2020-09-09,-0.013785208441144167
2020-09-10,0.0009326168266372467
2020-09-11,0.014742582366435624
2020-09-14,0.003328379026110885
2020-09-15,0.007816374480579662
2020-09-16,-0.0058620127808356945
2020-09-17,-0.006279113252693942
2020-09-18,-0.01021361265345339
2020-09-21,0.0053432124864733095
2020-09-22,-0.0179671161611386
2020-09-23,0.0012772602851700708
2020-09-24,0.008756598588946589
2020-09-25,0.017036188656420436
2020-09-28,-0.003363759111957054
2020-09-29,0.0025830832188463177
2020-09-30,0.0022505900967793413
2020-10-01,0.008841132628417995
2020-10-02,-0.00046266401950401255
2020-10-05,0.0017798023962663483
2020-10-06,-0.0026238205760436835
2020-10-07,0.002034582794207504
2020-10-08,-0.0031523420303335337
2020-10-09,-0.006453757205010139
2020-10-12,0.005890664293955794
2020-10-13,0.0063694994304615785
2020-10-14,0.0039664924656913
2020-10-15,-0.0026310658966749
2020-10-16,-0.0017275074021611192
2020-10-19,0.0036464306274908
2020-10-20,-0.0031302557857599473
2020-10-21,0.0021621640468997634
2020-10-22,0.003887905169563025
2020-10-23,0.005632277716192191
2020-10-26,-0.003065525471999281
2020-10-27,-0.02842691228537614
2020-10-28,0.008812137784770618
2020-10-29,-0.006839376113228281
2020-10-30,0.013206986832372427
2020-11-02,0.018888327984769977
2020-11-03,0.013672555889121656
2020-11-04,-0.0020868884265750286
2020-11-05,-0.018634296116854344
2020-11-06,-0.007199685304409939
2020-11-09,-8.986488119249533e-06
2020-11-10,0.0006791591844134262
2020-11-11,0.02082818768613303
2020-11-12,-0.005150037062391836
2020-11-13,-0.0077846224582626775
2020-11-16,-0.0031767470466510933
2020-11-17,0.014215640884012682
2020-11-18,-0.003086927137791664
2020-11-19,-0.0011691577564102
2020-11-20,-0.0033129815684337233
2020-11-23,-0.020760850316335615
2020-11-24,0.004014963800962583
2020-11-25,-0.003761039248765145
2020-11-27,0.00756110964842374
2020-11-30,0.009238816974220335
2020-12-01,-0.0012498936815036118
2020-12-02,0.0020900058602082664
2020-12-03,-0.018938559923068445
2020-12-04,0.004174427700077122
2020-12-07,-0.012570926441825364
2020-12-08,0.023220815952135678
2020-12-09,-0.0027487477262130764
2020-12-10,0.004934916201835125
2020-12-11,0.0018516488222631497
2020-12-14,0.009972460004587373
2020-12-15,-0.003058877340666093
2020-12-16,-0.009650200389208871
2020-12-17,0.0028310711452395752
2020-12-18,0.011110530872181662
2020-12-21,-0.0028819834456296875
2020-12-22,0.00859416054850017
2020-12-23,0.003979264842319133
2020-12-24,0.005833679890000378
2020-12-28,0.012410679456206157
2020-12-29,0.0019068577191040945
2020-12-30,0.003118339334946336
2020-12-31,0.010322518289926256
2021-01-04,0.00043973161641107936
2021-01-05,0.0021977141768147156
2021-01-06,-0.006024025970863625
2021-01-07,-0.00551631074377056
2021-01-08,0.0015677255414090617
2021-01-11,-0.006658673819191373
2021-01-12,0.006770666317448681
2021-01-13,-0.019630519408567138
2021-01-14,0.014536696579532757
2021-01-15,-0.001905582943981268
2021-01-19,-0.004841311216840468
2021-01-20,-0.0012095748459232311
2021-01-21,0.0021640920298918796
2021-01-22,0.00011744139736642379
2021-01-25,0.004694041970682604
2021-01-26,-0.008423389624694935
2021-01-27,0.010491887206260878
2021-01-28,-0.01059109969129967
2021-01-29,0.014850864957809124
2021-02-01,0.002734294427210693
2021-02-02,-0.006538976232763143
2021-02-03,-0.0068589774468054
2021-02-04,-0.005507705106854015
2021-02-05,-0.0005276303892625665
2021-02-08,0.0018737360327960952
2021-02-09,0.00642055205574892
2021-02-10,-0.004377847197111449
2021-02-11,-0.011439114180180548
2021-02-12,-0.01035270462295842
2021-02-16,0.003495278484096459
2021-02-17,0.006298274514963959
2021-02-18,0.0007705345856782844
2021-02-19,-0.0020376305884239124
2021-02-22,-0.0022776040598770173
2021-02-23,0.004661188190878865
2021-02-24,-0.01275418708873489
2021-02-25,0.0008844138921172732
2021-02-26,0.01994495770604018
2021-03-01,0.0024011149734944727
2021-03-02,-0.009554710597213412
2021-03-03,-0.013801486057525006
2021-03-04,0.013104695586330465
2021-03-05,-0.020997361897168897
2021-03-08,0.0327008252212209
2021-03-09,7.338156480340016e-05
2021-03-10,0.01107773539090298
2021-03-11,-0.015253818902967233
2021-03-12,0.0019432686442797053
2021-03-15,0.0012181383070224367
2021-03-16,-0.004529745406734741
2021-03-17,-0.005848960294882719
2021-03-18,0.004450253895553449
2021-03-19,0.0049650340020819025
2021-03-22,-0.0035868516267726002
2021-03-23,-0.007110987503852999
2021-03-24,0.011595482576827878
2021-03-25,0.016802119234466496
2021-03-26,-0.006580677343822946
2021-03-29,0.0008437374837876041
2021-03-30,0.012186481073167004
2021-03-31,0.010899213705813154
2021-04-01,-0.008438660627574071
2021-04-05,0.004099822469538029
2021-04-06,-0.00424570891092542
2021-04-07,0.0015830578898609067
2021-04-08,-0.0037975614001711693
2021-04-09,-0.0039908624299587
2021-04-12,0.00021538003942670484
2021-04-13,0.009359257114107235
2021-04-14,-0.0019514767506754389
2021-04-15,-0.0053602247085336435
2021-04-16,0.004609481844762317
2021-04-19,-0.006685529544363633
2021-04-20,0.014790286853810897
2021-04-21,0.008616355958080945
2021-04-22,0.003044790597695558
2021-04-23,0.006829334336104579
2021-04-26,-0.0023673948154159584
2021-04-27,0.0032407999222632895
2021-04-28,0.002682280504221652
2021-04-29,0.004690273811092506
2021-04-30,0.0015489005542042638
2021-05-03,-0.009733373918588863
2021-05-04,-0.0016954230226403448
2021-05-05,-0.001567693764616758
2021-05-06,0.009662456497169292
2021-05-07,-0.0064358139449762425
2021-05-10,0.005161376002075069
2021-05-11,-0.020727706501473216
2021-05-12,0.008790224158725855
2021-05-13,0.02063711897167597
2021-05-14,0.0012311632548798795
2021-05-17,0.006485818524030734
2021-05-18,0.00018217556450906997
2021-05-19,0.007505136412959393
2021-05-20,-0.0004287353814586907
2021-05-21,-0.0018473741724633903
2021-05-24,-0.00117961057488485
2021-05-25,-0.00022574152611946156
2021-05-26,-0.0048567744305364
2021-05-27,0.0006522636690389464
2021-05-28,0.005829658449885812
2021-06-01,-0.0013028910719934997
2021-06-02,0.008416899598307543
2021-06-03,0.007053065550733418
2021-06-04,-0.0026396650915185547
2021-06-07,-0.002504141309598169
2021-06-08,-0.0025625618761320333
2021-06-09,-0.0071006073003804
2021-06-10,0.0017114335003865738
2021-06-11,-0.0021824830127457466
2021-06-14,0.005170489652695775
2021-06-15,-0.0035974987164427356
2021-06-16,-0.0064788699779047
2021-06-17,-0.01671941211379396
2021-06-18,0.016541915261884463
2021-06-21,-0.0025616615395302835
2021-06-22,-0.0018922574544212715
2021-06-23,0.003732565498409355
2021-06-24,0.0017435232207346498
2021-06-25,0.00424163643585233
2021-06-28,-0.0027021556304283813
2021-06-29,0.0035484781145023393
2021-06-30,0.0028008999376332223
2021-07-01,0.0008548267644380001
2021-07-02,-0.00015839325414136648
2021-07-06,-0.002317824140910731
2021-07-07,-0.011071155760987807
2021-07-08,0.020327985216630064
2021-07-09,-0.00080839146042396
2021-07-12,0.002793798258529043
2021-07-13,-0.0014738731014228292
2021-07-14,-0.006262741734528827
2021-07-15,-0.009374414540200191
2021-07-16,-0.01261071993165049
2021-07-19,0.016775632386073498
2021-07-20,0.010485604933789585
2021-07-21,0.001360968210609887
2021-07-22,0.0010355737917318371
2021-07-23,-0.022286543331509687
2021-07-26,-0.018127672258527912
2021-07-27,0.027912969167404253
2021-07-28,0.0007268949629157267
2021-07-29,-0.0010089015458372417
2021-07-30,0.0052001981026251285
2021-08-02,-0.002779014505921628
2021-08-03,-0.002365380099270994
2021-08-04,0.003963506754101589
2021-08-05,-0.0025757267640595196
2021-08-06,-0.0014704346074017147
2021-08-09,0.00019079150638692493
2021-08-10,0.0035367166740597126
2021-08-11,0.0009766015583639357
2021-08-12,0.0033571654143254737
2021-08-13,-0.007085365268958433
2021-08-16,-0.012770649493814991
2021-08-17,-0.0016963899746254682
2021-08-18,-0.0068260057616383344
2021-08-19,0.00668389393369847
2021-08-20,0.017535002816123458
2021-08-23,0.027146905989754454
2021-08-24,-0.0040653227525290665
2021-08-25,0.0015847504835353422
2021-08-26,0.0033865827367518513
2021-08-27,-0.0007334519999553334
2021-08-30,0.00726894618420844
2021-08-31,-0.0014104192775280626
2021-09-01,-0.006449092475297487
2021-09-02,0.0025756703750682004
2021-09-03,-0.0026710649497455686
2021-09-07,0.0019185978248985594
2021-09-08,0.0008999845378182144
2021-09-09,-0.006410777708031897
2021-09-10,0.0035308015479262453
2021-09-13,-0.004814745618495916
2021-09-14,0.007442763396296366
2021-09-15,-0.003543596142682004
2021-09-16,-0.0021970056420666873
2021-09-17,-0.0136189199437282
2021-09-20,0.0031636088507139156
2021-09-21,0.009662769133121838
2021-09-22,0.0062721196623542995
2021-09-23,-0.0061705540239205894
2021-09-24,-0.002784849857345568
2021-09-27,-0.0072200251516026
2021-09-28,8.441562322488255e-05
2021-09-29,-0.001281647883736892
2021-09-30,0.007587796486110882
2021-10-01,-0.013920486448248665
2021-10-04,0.007621971625889593
2021-10-05,-0.00030980966503010274
2021-10-06,0.00884001391445921
2021-10-07,-0.004229429204772224
2021-10-08,-0.00240773425733106
2021-10-11,0.005030055208503658
2021-10-12,0.005518602385878406
2021-10-13,0.009316298897615568
2021-10-14,0.0009106677532394
2021-10-15,-0.002058549216065907
2021-10-18,-0.0010054713301966736
2021-10-19,-0.004732269864241025
2021-10-20,0.001424482506278465
2021-10-21,0.0053983319656847
2021-10-22,0.00024415584649798366
2021-10-25,0.010572531433098286
2021-10-26,0.008105184093240236
2021-10-27,0.008647476228794738
2021-10-28,-0.0015975771162749814
2021-10-29,0.007790866658588303
2021-11-01,-0.0037348790552945714
2021-11-02,-0.006262413861282985
2021-11-03,-0.012038390859811116
2021-11-04,-0.0016513719192701374
2021-11-05,-0.0035752005825620825
2021-11-08,0.007119399985603534
2021-11-09,0.020136572657862523
2021-11-10,0.001486573199199072
2021-11-11,0.0013426636132452111
2021-11-12,-0.0068172239046805
2021-11-15,-0.0012399409728991086
2021-11-16,0.002774506739472
2021-11-17,-0.0050558788584950266
2021-11-18,-0.00846886849247287
2021-11-19,0.0010357633560051222
2021-11-22,-0.0010566778986655877
2021-11-23,0.0006466314746970779
2021-11-24,-0.02334076507676943
2021-11-26,0.004923076974181304
2021-11-29,-0.012183469077908156
2021-11-30,-0.009752601973454835
2021-12-01,0.016791425881473667
2021-12-02,-0.01020761779558591
2021-12-03,0.01129678028423741
2021-12-06,0.023503395085041328
2021-12-07,-0.0043144122108739824
2021-12-08,0.0015985511106835844
2021-12-09,-0.002845006753606256
2021-12-10,0.002732204957522095
2021-12-13,-0.004689067792729262
2021-12-14,0.006700541268224924
2021-12-15,0.006096100154686326
2021-12-16,0.002824018313110115
2021-12-17,-0.01424665361362261
2021-12-20,0.022396908483537144
2021-12-21,0.002926449938202613
2021-12-22,0.001594274412547525
2021-12-23,-0.0009055989972477502
2021-12-27,-0.004742304054769367
2021-12-28,-0.010229571891277517
2021-12-29,0.021464609141199405
2021-12-30,-0.0032400123343712126
2021-12-31,-0.0010940183794246098
2022-01-03,-0.003217162902046062
2022-01-04,-0.013293145752020456
2022-01-05,-0.0004956810105271532
2022-01-06,-0.006272323423871863
2022-01-07,-0.0013933497882742446
2022-01-10,0.009431791930055134
2022-01-11,-0.00154580961225595
2022-01-12,-0.00011886560900285796
2022-01-13,-0.0022473613588422903
2022-01-14,-0.017703384964511983
2022-01-18,-0.007922544484777182
2022-01-19,-0.011418298376492235
2022-01-20,-0.015746102503148916
2022-01-21,0.004591001891280371
2022-01-24,-0.008763261849031099
2022-01-25,-0.005060694095080903
2022-01-26,-0.008168580282158886
2022-01-27,0.0155183576669359
2022-01-28,0.024011326403764653
2022-01-31,0.0023032223216424967
2022-02-01,0.004198120094107189
2022-02-02,0.002413238430341075
2022-02-03,-0.0015110736916710999
2022-02-04,-0.0020412202719027523
2022-02-07,0.003180882313975843
2022-02-08,0.0085491342985211
2022-02-09,-0.008881929892377542
2022-02-10,0.004590364096342664
2022-02-11,-0.004159207769538059
2022-02-14,0.01263083822487421
2022-02-15,0.0030081908237045976
2022-02-16,-0.0011275466437101387
2022-02-17,-0.004700786511098394
2022-02-18,-0.010391948185551931
2022-02-22,-0.015039602522237317
2022-02-23,0.010484486885522611
2022-02-24,0.02485754757397689
2022-02-25,0.0025138840502296916
2022-02-28,-0.01324066224238055
2022-03-01,0.010027853845136022
2022-03-02,-0.01233772057053853
2022-03-03,-0.026961963640874543
2022-03-04,-0.031720324779954324
2022-03-07,0.002099610202615021
2022-03-08,0.029959480745758098
2022-03-09,-0.014085016956408042
2022-03-10,-0.017731044723358798
2022-03-11,-0.01772496382500996
2022-03-14,0.012021467307966166
2022-03-15,0.052008049534221404
2022-03-16,0.0041412936702104695
2022-03-17,0.006826798972168189
2022-03-18,-0.004065941409896409
2022-03-21,-0.005963030545746018
2022-03-22,0.017000977681723935
2022-03-23,0.0035754264167958644
2022-03-24,-0.011737625670215418
2022-03-25,0.0010569716221700265
2022-03-28,0.00018841784709516067
2022-03-29,0.002549955331069373
2022-03-30,0.003510543324455622
2022-03-31,0.0006980325032379763
2022-04-01,0.0023905980815860997
2022-04-04,0.0011798055674250602
2022-04-05,-0.010369968710252295
2022-04-06,-0.0007505877506125803
2022-04-07,-0.004126637037931994
2022-04-08,-0.009854741700280795
2022-04-11,-0.0019577847134948268
2022-04-12,0.012798629007577743
2022-04-13,-0.014421289367055643
2022-04-14,-0.0021135703155033053
2022-04-18,0.005513196686266381
2022-04-19,0.00809934124510393
2022-04-20,-0.013657898973199993
2022-04-21,-0.010283820960432654
2022-04-22,0.0015961608810389125
2022-04-25,-0.020030578443431594
2022-04-26,0.003701834639212432
2022-04-27,0.017719422253638047
2022-04-28,-0.01633306084525805
2022-04-29,0.0013409799010845214
2022-05-02,0.00640584405164366
2022-05-03,0.017094377484566877
2022-05-04,-0.02080552288658823
2022-05-05,-0.011733821564171357
2022-05-06,-0.02900826473118269
2022-05-09,0.002479239326208063
2022-05-10,-0.012242662321096902
2022-05-11,0.002002110338241576
2022-05-12,0.025581689404726014
2022-05-13,-0.0017666131131647237
2022-05-16,0.015052044135821173
2022-05-17,-0.00700751454103923
2022-05-18,-0.001583589332664278
2022-05-19,0.0016505272877826874
2022-05-20,0.01474254606430539
2022-05-23,-0.00821564825877973
2022-05-24,0.01687254466646314
2022-05-25,0.013752395326441569
2022-05-26,0.01157846324401124
2022-05-27,0.002815165807609869
2022-05-31,-0.0005200226525620833
2022-06-01,0.004401097935765452
2022-06-02,-0.008000917449917107
2022-06-03,-0.0043753270052668295
2022-06-06,0.0082627033057655
2022-06-07,-0.008514727919862684
2022-06-08,-0.000937642480883653
2022-06-09,-0.02136661578522243
2022-06-10,-0.03713349311499357
2022-06-13,-0.004104500781172192
2022-06-14,0.014620584409845677
2022-06-15,-0.027458265798422164
2022-06-16,0.002110172171470923
2022-06-17,0.01837189264781656
2022-06-21,-0.0034984418064810496
2022-06-22,-0.0012128094623040735
2022-06-23,0.02437021056738274
2022-06-24,0.002742504031343103
2022-06-27,-0.0029714374184207962
2022-06-28,-0.00212081628324296
2022-06-29,-0.009829829736006308
2022-06-30,0.0029243319826007287
2022-07-01,-0.013290361664090108
2022-07-05,-0.0037778497805888776
2022-07-06,0.019649242382132306
2022-07-07,0.003884602243513384
2022-07-08,-0.0005397994714980002
2022-07-11,-0.006408663169110531
2022-07-12,-0.0015026012961497
2022-07-13,-0.01048154480969808
2022-07-14,0.01489915083808969
2022-07-15,0.008007999319824415
2022-07-18,0.01584188370168129
2022-07-19,-0.006410367971512872
2022-07-20,0.001050432929030221
2022-07-21,0.005776023731344065
2022-07-22,0.005454815884597974
2022-07-25,0.0028726068558234
2022-07-26,0.020670108199922488
2022-07-27,-0.0043248618753452
2022-07-28,-0.00815954226632339
2022-07-29,-0.003409426921153715
2022-08-01,0.007924219604768237
2022-08-02,7.612705242104993e-05
2022-08-03,-0.0008331884900651858
2022-08-04,0.0064278206568688
2022-08-05,0.0033862307586429883
2022-08-08,0.018599103960058913
2022-08-09,0.01036285884880673
2022-08-10,-0.0013876188224845665
2022-08-11,0.003066943583156175
2022-08-12,-0.003766409767693416
2022-08-15,0.002583321806419757
2022-08-16,0.005110269261699899
2022-08-17,-0.0009630381149421611
2022-08-18,-0.008731495622080546
2022-08-19,-0.014508390187392299
2022-08-22,-0.0001960424203914923
2022-08-23,0.0020336311809965573
2022-08-24,0.012614720350095154
2022-08-25,0.0077063076209072075
2022-08-26,-0.004769955878230775
2022-08-29,-0.009042895132323644
2022-08-30,-0.006764736485859724
2022-08-31,-0.005079052787012517
2022-09-01,-0.006658326454631501
2022-09-02,-0.005245149510330481
2022-09-06,0.015876454883003096
2022-09-07,0.0021800561387807548
2022-09-08,0.016804036260758274
2022-09-09,0.0010878578782733766
2022-09-12,0.008618794568998264
2022-09-13,0.0025316667610854955
2022-09-14,-0.01225608965811021
2022-09-15,-0.005161963673918117
2022-09-16,0.005906285237617794
2022-09-19,-0.008906264792483506
2022-09-20,-0.010970339068649566
2022-09-21,-0.009238678316726796
2022-09-22,-0.02135076074023198
2022-09-23,-0.013884005953709646
2022-09-26,-0.0025672187013319604
2022-09-27,0.021552579318483523
2022-09-28,-0.018960708556938783
2022-09-29,-0.008178768932898393
2022-09-30,0.02347610017938812
2022-10-03,0.031005998285714122
2022-10-04,-0.003853771160309099
2022-10-05,-0.00971512093920928
2022-10-06,-0.01922789455177157
2022-10-07,-0.009165387311973264
2022-10-10,-0.005902058087548982
2022-10-11,-0.0021419729030332894
2022-10-12,0.018363912601955214
2022-10-13,-0.016690625602471233
2022-10-14,0.024445986120996892
2022-10-17,0.0047407217505761445
2022-10-18,-0.018234561813436967
2022-10-19,-0.004891258700570266
2022-10-20,0.005111534019868226
2022-10-21,-0.02291460043892783
2022-10-24,0.018877811233098403
2022-10-25,0.02050216332665016
2022-10-26,-0.001401509084620017
2022-10-27,-0.0019619162993830858
2022-10-28,-0.008704704086984042
2022-10-31,0.015203939477011846
2022-11-01,0.005177583052652417
2022-11-02,-0.009196242333698153
2022-11-03,0.011705758709341513
2022-11-04,-0.0006454205227838097
2022-11-07,0.00788171555479679
2022-11-08,-0.0035402943998536613
2022-11-09,0.05778156753326306
2022-11-10,-0.0137710321397795
2022-11-11,0.008043027173588683
2022-11-14,-0.0002736377721308084
2022-11-15,0.01524652540381504
2022-11-16,0.0037578766842217303
2022-11-17,0.0030633476780300003
2022-11-18,0.005452333487441333
2022-11-21,0.0019885773419331715
2022-11-22,-0.0080996836629337
2022-11-23,0.0005576387580048687
2022-11-25,0.008559741903730392
2022-11-28,0.004532790419366146
2022-11-29,0.021725760609509186
2022-11-30,-0.01013635695400945
2022-12-01,-0.005352383179370121
2022-12-02,0.013685294345538312
2022-12-05,-0.007440045727793366
2022-12-06,5.048503062922921e-05
2022-12-07,0.006228836577002842
2022-12-08,-0.0008241886058466481
2022-12-09,0.01248132368273871
2022-12-12,0.0014026415599510701
2022-12-13,-0.007287128810884109
2022-12-14,0.006188699129365385
2022-12-15,-0.008435055824323199
2022-12-16,-0.00754193759171329
2022-12-19,0.0013214258812889166
2022-12-20,0.013669298660723247
2022-12-21,-0.005250689894045334
2022-12-22,0.00125073423310135
2022-12-23,-0.006567666694158886
2022-12-27,-0.009357064787781325
2022-12-28,0.0205223145012667
2022-12-29,-0.0048142078149215495
2022-12-30,-0.0014361524177078464
2023-01-03,0.007704856483824647
2023-01-04,-0.01167215304979961
2023-01-05,0.020145031939249453
2023-01-06,0.0015848480552821925
2023-01-09,0.0003740740542003668
2023-01-10,0.008117712918070593
2023-01-11,-0.013595549567209946
2023-01-12,-0.009863376217112639
2023-01-13,0.0022386965466373626
2023-01-17,0.011121844592415624
2023-01-18,-0.002786249045024697
2023-01-19,0.011746056288330161
2023-01-20,0.0010492601049972997
2023-01-23,0.0015233647511340002
2023-01-24,-0.004550605257565408
2023-01-25,-0.0025386159318187
2023-01-26,0.005544610119638784
2023-01-27,0.004222338505245244
2023-01-30,0.007596702548319958
2023-01-31,0.0018614290245051
2023-02-01,-0.0008327627306344074
2023-02-02,0.00562281751073885
2023-02-03,-0.0029933485620714383
2023-02-06,0.005828876793106093
2023-02-07,0.006007471836315748
2023-02-08,-0.0043996568142306665
2023-02-09,0.0022493161364385366
2023-02-10,0.007867823344073372
2023-02-13,-0.0033646186700315847
2023-02-14,-0.0035726504263312365
2023-02-15,0.001035101946797545
2023-02-16,0.0034529692065151407
2023-02-17,-0.013161920225002783
2023-02-21,-0.0012778697477539545
2023-02-22,0.005457153722803787
2023-02-23,-0.013057846091535073
2023-02-24,0.004337626537102937
2023-02-27,-0.0032457297665062453
2023-02-28,0.0024864667066017317
2023-03-01,0.006379320902169735
2023-03-02,0.015461440832299602
2023-03-03,-0.00020717491464199988
2023-03-06,-0.0036529860352869188
2023-03-07,-0.00031965069244105614
2023-03-08,-0.013917481008648683
2023-03-09,-0.016114880336022794
2023-03-10,-0.008128454681074293
2023-03-13,0.014238051867187549
2023-03-14,-0.014003013750969871
2023-03-15,0.013225785064550652
2023-03-16,-0.015913700286116376
2023-03-17,0.012182336613005855
2023-03-20,0.014935635411880113
2023-03-21,-0.00990306584721669
2023-03-22,-0.004257566417093127
2023-03-23,0.011200168372713464
2023-03-24,0.008244542176852184
2023-03-27,0.0002663437900026423
2023-03-28,0.006791004190284315
2023-03-29,0.00494773624779793
2023-03-30,0.007184627752680184
2023-03-31,-0.006958507426473801
2023-04-03,0.009171216916137408
2023-04-04,0.0022317905513335587
2023-04-05,0.00096342887816309
2023-04-06,0.014185607473049016
2023-04-10,0.0021252916094650276
2023-04-11,-0.00366133602681415
2023-04-12,0.004672888467740517
2023-04-13,-0.003436707155979869
2023-04-14,0.004198337807697536
2023-04-17,0.0008356582088057177
2023-04-18,-0.0025755692688974883
2023-04-19,0.0006750870262344083
2023-04-20,-0.0016130225156290078
2023-04-21,-0.00042720666953618335
2023-04-24,-0.01628400727364129
2023-04-25,-0.002751545538865089
2023-04-26,0.014520465466718056
2023-04-27,0.005366432146490718
2023-04-28,-0.0033704525653716834
2023-05-01,0.0023000750902929515
2023-05-02,-0.0008976518045332233
2023-05-03,-0.005832042658899195
2023-05-04,0.0195680334075864
2023-05-05,-0.0027920996260219
2023-05-08,0.0004007404416582688
2023-05-09,0.00228403603690317
2023-05-10,-0.0064508982938395005
2023-05-11,0.0004581921223136886
2023-05-12,0.009548634806616933
2023-05-15,-0.009290538218376065
2023-05-16,0.00882156436606737
2023-05-17,-0.006845920338539235
2023-05-18,0.0016501378034471776
2023-05-19,-9.370085378139752e-05
2023-05-22,-0.0004915113399794623
2023-05-23,-0.008971597085027915
2023-05-24,-0.0019830906393008656
2023-05-25,0.006708468183085642
2023-05-26,-0.005235436668362946
2023-05-30,-0.002720881554982987
2023-05-31,0.009804952042208315
2023-06-01,0.016479911575278835
2023-06-02,0.0010831676784046507
2023-06-05,-0.0035318784542943686
2023-06-06,0.004643714563178678
2023-06-07,0.006097631978106105
2023-06-08,0.00111207664670775
2023-06-09,-0.004033227875858907
2023-06-12,-0.004007018007503457
2023-06-13,-0.00597184296416676
2023-06-14,0.00017968149330390484
2023-06-15,0.007502385100462452
2023-06-16,0.0024764099175272874
2023-06-20,0.001130428594089106
2023-06-21,-0.0024653585782102474
2023-06-22,-0.008522575686242252
2023-06-23,0.0049723874373727595
2023-06-26,0.009780239923544015
2023-06-27,-0.00277343114630708
2023-06-28,0.0038228162556993572
2023-06-29,0.008141896765931708
2023-06-30,-0.0007576733175835299
2023-07-03,0.0007627930666862503
2023-07-05,-0.004117632881713328
2023-07-06,0.003538371668334213
2023-07-07,0.004527056271624555
2023-07-10,0.0027624376344630463
2023-07-11,-0.003377838433233867
2023-07-12,0.0021668690489391796
2023-07-13,0.014569586890569744
2023-07-14,-0.00291962546883297
2023-07-17,-0.00033617884199150003
2023-07-18,0.007184870466655073
2023-07-19,0.026290307805549317
2023-07-20,-0.0006013241279738167
2023-07-21,0.0021983408975089643
2023-07-24,-0.001195274023307343
2023-07-25,0.0007702406353294715
2023-07-26,0.0034036293784266993
2023-07-27,0.007103581807348484
2023-07-28,5.984999172254366e-05
2023-07-31,-0.00351906443639016
2023-08-01,-0.0019992299910922768
2023-08-02,-0.005230397625572719
2023-08-03,0.0016010161849339187
2023-08-04,0.006585107180037377
2023-08-07,-0.0005943297742962999
2023-08-08,-0.004362898021337629
2023-08-09,0.00013702005370868622
2023-08-10,-0.003330881807921092
2023-08-11,0.003065635144445833
2023-08-14,-0.010926150695433224
2023-08-15,-0.008194842275270552
2023-08-16,-0.006434789840666268
2023-08-17,0.0005660976037206242
2023-08-18,0.0025578475671171634
2023-08-21,-0.002115398722955807
2023-08-22,0.0103332500598828
2023-08-23,-0.005919252896451812
2023-08-24,0.004766951249757631
2023-08-25,0.006822205865400881
2023-08-28,0.010251512579017316
2023-08-29,-0.0029281679700078403
2023-08-30,-0.003808147302958071
2023-08-31,-0.0038619028263369207
2023-09-01,-0.008588991013019784
2023-09-05,-0.0016836508863489665
2023-09-06,0.0011915255588456786
2023-09-07,0.00020210940075100474
2023-09-08,0.00556854654070196
2023-09-11,-0.0021563784750335884
2023-09-12,-0.0033695449139944157
2023-09-13,0.012581416250930367
2023-09-14,0.0032304675576967376
2023-09-15,6.401641678547212e-05
2023-09-18,-0.00243001863778885
2023-09-19,-0.00528439665714959
2023-09-20,-0.016950619082735888
2023-09-21,0.00034470827119895505
2023-09-22,0.0015857877438806185
2023-09-25,-0.012560873649971676
2023-09-26,0.00032306043150586046
2023-09-27,0.006645660063357181
2023-09-28,-0.0008870151459266677
2023-09-29,-0.010609442483449926
2023-10-02,-0.012491034794037443
2023-10-03,0.003706049603736871
2023-10-04,0.00242734235605039
2023-10-05,0.007623460588316234
2023-10-06,0.01101033246460081
2023-10-09,0.010039739388394546
2023-10-10,0.007655750431908909
2023-10-11,-0.009606913032527312
2023-10-12,0.0070319233513449165
2023-10-13,0.011005247131086332
2023-10-16,-0.0032231983626233858
2023-10-17,-0.006778736850904065
2023-10-18,-0.009664243087318192
2023-10-19,-0.008197339744907932
2023-10-20,-0.0025331840647877172
2023-10-23,0.008254039116780602
2023-10-24,-0.01064682526151783
2023-10-25,-0.004045232009311276
2023-10-26,-0.005043196403170853
2023-10-27,0.010130979623886382
2023-10-30,0.007211638091802524
2023-10-31,0.009832841756298536
2023-11-01,0.01822902351461601
2023-11-02,0.00010528690751209062
2023-11-03,0.007858453164957879
2023-11-06,-0.0039363262996122495
2023-11-07,-0.004398188482159066
2023-11-08,0.00251770599827576
2023-11-09,0.0010091165143765414
2023-11-10,0.0017199247765943555
2023-11-13,0.01734431170757999
2023-11-14,-0.001462459198172964
2023-11-15,0.007291815131889275
2023-11-16,-0.004491268179902008
2023-11-17,-0.010169420371591855
2023-11-20,0.006400416847732613
2023-11-21,0.00563838417233117
2023-11-22,-0.008721482893754313
2023-11-24,0.004194492726041092
2023-11-27,-0.006243156682563989
2023-11-28,-0.00210671493226076
2023-11-29,0.0031356950426338803
2023-11-30,-0.00470910854633915
2023-12-01,-0.003682588152001295
2023-12-04,-0.00029380214065119974
2023-12-05,-0.004406626540959518
2023-12-06,0.0049398608164893
2023-12-07,0.002503813970829776
2023-12-08,-0.0006702992901707838
2023-12-11,-0.006532896640663744
2023-12-12,-0.0038367888258109047
2023-12-13,-0.013687627393835613
2023-12-14,0.0035699236947522883
2023-12-15,0.00479129294462194
2023-12-18,-0.0044545201442676
2023-12-19,0.028833162899579334
2023-12-20,0.010408118444647958
2023-12-21,-0.0029248835190005284
2023-12-22,-0.0113795075130798
2023-12-26,-0.010325396652537082
2023-12-27,0.003059891768898133
2023-12-28,0.011694358694853515
2023-12-29,0.0077828701086275
2024-01-02,-0.0063335362624111265
2024-01-03,-0.0020921945204582723
2024-01-04,0.00010125703156393934
2024-01-05,0.015885891406320837
2024-01-08,-0.003745723114363523
2024-01-09,-0.0016708162333818415
2024-01-10,0.003838724121531081
2024-01-11,0.004849986833095579
2024-01-12,-0.009956245591271678
2024-01-16,-0.010445895075080728
2024-01-17,0.00500774415625224
2024-01-18,0.005349695229843593
2024-01-19,-0.005866839571907038
2024-01-22,0.011811300522729532
2024-01-23,-0.00047963116368350355
2024-01-24,0.006392920414788558
2024-01-25,0.006905194384432
2024-01-26,0.0055024276135815665
2024-01-29,-0.005651019532604356
2024-01-30,0.0026338201701787928
2024-01-31,0.008923271289130133
2024-02-01,-0.005572930094336172
2024-02-02,-0.006279136014742337
2024-02-05,0.014428404757873698
2024-02-06,-0.003415646182548164
2024-02-07,-0.0012505596203146176
2024-02-08,-0.000767622982860432
2024-02-09,0.005993554139204587
2024-02-12,-0.0005648705861376949
2024-02-13,0.006129476328553531
2024-02-14,0.009160643249681109
2024-02-15,-0.0020056045733812334
2024-02-16,0.004942546875453348
2024-02-20,0.001281945690028558
2024-02-21,0.014103812345294446
2024-02-22,0.0010166289293435462
2024-02-23,0.001589105677836811
2024-02-26,-0.013963980127167576
2024-02-27,0.006688080073113734
2024-02-28,0.006666809699737617
2024-02-29,0.0031887939873565495
2024-03-01,-0.0010368301638613
2024-03-04,0.0132820592623246
2024-03-05,0.000291917114230672
2024-03-06,-0.0178280922574396
2024-03-07,0.027537856957761175
2024-03-08,0.00925595032974854
2024-03-11,0.0009047095609230503
2024-03-12,-0.004707731358087427
2024-03-13,-0.005253355635037453
2024-03-14,0.0010461514378499804
2024-03-15,0.0005012578835150521
2024-03-18,0.00043475339372929506
2024-03-19,0.008310123627443777
2024-03-20,0.00026478570834536665
2024-03-21,0.004614628857083363
2024-03-22,-0.0016286596219319846
2024-03-25,0.0009277642462422375
2024-03-26,0.009638312639866354
2024-03-27,0.006958809844780083
2024-03-28,-0.0015969119287260493
2024-04-01,-0.003655214193073141
2024-04-02,0.0008785212207045882
2024-04-03,-0.004390157097086105
2024-04-04,0.007486656327396363
2024-04-05,0.0013149900785498617
2024-04-08,0.004313283484645391
2024-04-09,-0.004101770008522818
2024-04-10,0.0021374474547011294
2024-04-11,-0.008462415386912923
2024-04-12,-0.0073060447294671675
2024-04-15,-0.005409458102792315
2024-04-16,-0.0021301191448414975
2024-04-17,-0.0008200574844280518
2024-04-18,-0.002726148243747888
2024-04-19,0.009430899612019261
2024-04-22,0.011733131753614592
2024-04-23,-0.0013085457016708433
2024-04-24,-0.00318707714295006
2024-04-25,0.006520811158339769
2024-04-26,0.003907418399627489
2024-04-29,-0.0004943725610945313
2024-04-30,-1.2681998429516331e-05
2024-05-01,0.007973745873939706
2024-05-02,0.0029098509294126053
2024-05-03,0.0038416548075717615
2024-05-06,-0.0017536339896570999
2024-05-07,-0.0014807526850141202
2024-05-08,-0.0025886268669012696
2024-05-09,-0.0018808042674655912
2024-05-10,0.0028356915966460147
2024-05-13,0.0009317473335856592
2024-05-14,-0.017105537818092893
2024-05-15,0.004858443181972664
2024-05-16,-4.5059409115450064e-05
2024-05-17,0.004201334629691469
2024-05-20,-0.0007505390110704534
2024-05-21,0.004125214880398525
2024-05-22,-0.009310392908560528
2024-05-23,0.005502260833940493
2024-05-24,-0.006555726781154315
2024-05-28,-0.008319847275302166
2024-05-29,0.005095962142843105
2024-05-30,0.006904122968183936
2024-05-31,0.005322239815608573
2024-06-03,-0.001748503070164572
2024-06-04,0.015298270368965205
2024-06-05,0.0029273541071885498
2024-06-06,-0.005843354958298877
2024-06-07,0.003988646528624123
2024-06-10,0.0016745004255231367
2024-06-11,0.006810215439916281
2024-06-12,-0.0049373999998917955
2024-06-13,-0.004289241576842396
2024-06-14,0.004226276879299386
2024-06-17,0.0010818786157774287
2024-06-18,0.012621034007520784
2024-06-20,0.0005585018429572858
2024-06-21,0.008830998696604192
2024-06-24,0.002153281592729488
2024-06-25,0.00016669626924903702
2024-06-26,0.0027200916349258957
2024-06-27,-0.0016408424566416223
2024-06-28,-0.0048508505726625566
2024-07-01,0.0035871181934724787
2024-07-02,0.005326985477603997
2024-07-03,0.00029198636198696
2024-07-05,-0.0013492117342557208
2024-07-08,0.003112503205910748
2024-07-09,-0.0006225279153974
2024-07-10,0.02548813883945215
2024-07-11,-0.00901680871986898
2024-07-12,0.002730300714871529
2024-07-15,-0.01433508782072414
2024-07-16,0.007666673926639941
2024-07-17,0.0027324162764389886
2024-07-18,-0.0051391296833886956
2024-07-19,0.011301435374523494
2024-07-22,-0.0016423766959422748
2024-07-23,-0.003332607077870676
2024-07-24,-0.004051195310794085
2024-07-25,0.010963656493943569
2024-07-26,-0.0014703594963688207
2024-07-29,-0.003266363860695863
2024-07-30,0.02419670660359541
2024-07-31,-0.007037840473942551
2024-08-01,-0.013411562950977236
2024-08-02,-0.0265089508206142
2024-08-05,0.008738906228539282
2024-08-06,-0.00020581680804113622
2024-08-07,0.02341193346205929
2024-08-08,-0.000955907560933303
2024-08-09,0.001359541443706708
2024-08-12,0.008318072573059816
2024-08-13,-0.006304187336615351
2024-08-14,0.007410012738104118
2024-08-15,-0.000715841259587573
2024-08-16,-0.01797209278884105
2024-08-19,0.006858381339677661
2024-08-20,0.0003206761872915873
2024-08-21,0.01604692690342892
2024-08-22,8.630406804435175e-06
2024-08-23,0.00355388793938081
2024-08-26,-0.001644269431877671
2024-08-27,0.0088667501000639
2024-08-28,0.00027662964854492216
2024-08-29,-0.0012693053323732592
2024-08-30,0.01936873871229134
2024-09-03,-0.002145298657568302
2024-09-04,-0.0023194012132103986
2024-09-05,-0.01572993401466318
2024-09-06,0.008916626230846195
2024-09-09,-0.0011306077919038245
2024-09-10,0.0031431951546888096
2024-09-11,0.008953271313817204
2024-09-12,-0.0014172244089775416
2024-09-13,0.00140452502876335
2024-09-16,0.0130030287832704
2024-09-17,0.00313381304806997
2024-09-18,-0.0021875511814766187
2024-09-19,0.002919049345011606
2024-09-20,-0.002016460182006339
2024-09-23,0.0010651057025009125
2024-09-24,0.004407926804840611
2024-09-25,0.004028087454485554
2024-09-26,0.004471222974670423
2024-09-27,0.008352104858805
2024-09-30,0.00850000111914461
2024-10-01,-0.003566361299646409
2024-10-02,0.0002468951084432093
2024-10-03,0.004276638014655811
2024-10-04,-0.005243125807604674
2024-10-07,0.006131415125931687
2024-10-08,-0.002112839708113393
2024-10-09,-0.0023523282156659177
2024-10-10,0.002886545158063798
2024-10-11,-0.0008846648600035269
2024-10-14,0.015586814437983517
2024-10-15,0.005526020205255936
2024-10-16,-0.0009457018730574101
2024-10-17,0.003190382031857439
2024-10-18,-0.010548677807859308
2024-10-21,-0.0012392652300455163
2024-10-22,-0.005313698741500504
2024-10-23,0.0029337263152246994
2024-10-24,-0.00329705642635749
2024-10-25,0.005891499664463246
2024-10-28,-0.0016712057398343206
2024-10-29,0.000573311324460879
2024-10-30,-0.003713842726157634
2024-10-31,0.002185944150578168
2024-11-01,0.002613677236674335
2024-11-04,0.010072285596596146
2024-11-05,-0.006593141032139101
2024-11-06,0.011562830506256545
2024-11-07,-0.003175406920055713
2024-11-08,-0.004702029215634288
2024-11-11,-0.0038057400114519446
2024-11-12,-0.006220601741225757
2024-11-13,0.00043971899742051675
2024-11-14,-0.002692094592737315
2024-11-15,0.00610098322654416
2024-11-18,0.004118280248770776
2024-11-19,0.003952975955117734
2024-11-20,0.0049113671282971704
2024-11-21,0.004898688114706511
2024-11-22,0.007263865319263804
2024-11-25,-0.0032433361978892804
2024-11-26,0.005606015136426354
2024-11-27,0.007339681400665624
2024-11-29,0.0031134144401430003
2024-12-02,-0.0025166776764608363
2024-12-03,0.0036282805777141463
2024-12-04,-4.354541762144996e-05
2024-12-05,-0.0034835192993777388
2024-12-06,0.00022882626977022358
2024-12-09,-0.0019370391406106986
2024-12-10,0.0018916369115158057
2024-12-11,-0.0039203763371870644
2024-12-12,-0.003391137362869147
2024-12-13,-0.0026687405829131914
2024-12-16,-0.004555732062794714
2024-12-17,-0.02795772770713884
2024-12-18,-0.0019980493081594316
2024-12-19,0.007844029819470535
2024-12-20,0.002160139879875471
2024-12-23,0.0054316937977473955
2024-12-24,0.0022931173614074507
2024-12-26,-0.004651594579017967
2024-12-27,-0.00280095139959979
2024-12-30,5.848697825543054e-05
2024-12-31,0.0002539916008206951
2025-01-02,0.007972154751814736
2025-01-03,-0.0019415504896202022
2025-01-06,-0.002843671054363722
2025-01-07,0.0014796835487839697
2025-01-08,-0.014660884337828941
2025-01-10,0.0018132403806619523
2025-01-13,0.005440530441557491
2025-01-14,0.011951252336731319
2025-01-15,0.00185454642114478
2025-01-16,0.005442617408208887
2025-01-17,-0.00040152049637923317
2025-01-21,0.006976148557904875
2025-01-22,0.0009404441658579533
2025-01-23,0.001350274106421961
2025-01-24,-0.001133256462350561
2025-01-27,0.006895248692141506
2025-01-28,0.002123670164255375
2025-01-29,0.003970866373743132
2025-01-30,0.013312653807793928
2025-01-31,-0.0013962099420456006
2025-02-03,0.008548801442174596
2025-02-04,-0.0017356816786178002
2025-02-05,-0.004705339546048
2025-02-06,0.0069493852741553865
2025-02-07,0.00608733740881299
2025-02-10,-0.0022709145041694776
2025-02-11,-0.004932564268104918
2025-02-12,0.010400429578470686
2025-02-13,-0.00395999593187291
2025-02-14,0.0007900249362494569
2025-02-18,0.0042212243814935555
2025-02-19,-0.0025233376900761382
2025-02-20,-0.006788155113281914
2025-02-21,-0.0037328999824140425
2025-02-24,-0.004959098362677794
2025-02-25,0.0033798147997599506
2025-02-26,-0.013239570452786306
2025-02-27,0.010100032010546711
2025-02-28,-0.012358220961071177
2025-03-03,-0.005379724029899869
2025-03-04,0.012684582755824538
2025-03-05,-0.00902608053783553
2025-03-06,0.00564110709383773
2025-03-07,-0.025082875109635347
2025-03-10,-0.004110638755256878
2025-03-11,0.002894710525359899
2025-03-12,-0.01243541453311695
2025-03-13,0.020802057315899392
2025-03-14,0.009089349467476417
2025-03-17,-0.006397223222613138
2025-03-18,0.01044031886010264
2025-03-19,-0.0008666061583628468
2025-03-20,0.002837512304426805
2025-03-21,0.009142784646521665
2025-03-24,0.001954315101126824
2025-03-25,0.0009157500296956946
2025-03-26,0.00014452289346067717
2025-03-27,-0.006570284614650573
2025-03-28,0.0013877526831888264
2025-03-31,0.0036710290216008146
2025-04-01,0.006019490711733722
2025-04-02,-0.027414316951673002
2025-04-03,-0.057114474214638736
2025-04-04,-0.013554458492224126
2025-04-07,-0.015296979525713236
2025-04-08,0.07747798847952714
2025-04-09,-0.018085572407936987
2025-04-10,0.015141171202516072
2025-04-11,0.007982256918794733
2025-04-14,0.0009882040071154535
2025-04-15,-0.007335386445982845
2025-04-16,0.004983972474374485
2025-04-17,-0.016158678252607316
2025-04-21,0.022042445329835396
2025-04-22,0.009438882886641612
2025-04-23,0.00885132802330228
2025-04-24,0.0005691911171891879
2025-04-25,0.00064627139437765
2025-04-28,-6.122439261056668e-05
2025-04-29,0.002903122806917694
2025-04-30,-0.00219715263868664
2025-05-01,-0.005809919518475559
2025-05-02,0.005293249421534116
2025-05-05,0.004458748371144276
2025-05-06,0.006209833947057557
2025-05-07,-0.0029239014739776215
2025-05-08,0.002170233325734767
2025-05-09,-0.0025126062476003254
2025-05-12,-0.01170002665279829
2025-05-13,-0.004169519339307745
2025-05-14,0.01032620269994728
2025-05-15,-0.000717886534318095
2025-05-16,-0.0001484956241540288
2025-05-19,-0.0006019359463098825
2025-05-20,0.0024292786342256603
2025-05-21,0.0008571470982967884
2025-05-22,-0.00019208083520864106
2025-05-23,0.01853226268623818
2025-05-27,0.00621533610568979
2025-05-28,0.0016431126287555916
2025-05-29,0.0009982546611127547
2025-05-30,0.002732389792029007
2025-06-02,0.006400428939497316
2025-06-03,0.0043890177693891
2025-06-04,0.0011654605357695712
2025-06-05,-0.0004524711184760201
2025-06-06,-1.4454063848518819e-05
2025-06-09,-2.9698499965512088e-05
2025-06-10,0.0013193191180450854
2025-06-11,0.004638570061877211
2025-06-12,0.015822396730638753
2025-06-13,0.009966595245107495
2025-06-16,0.0005946292194669948
2025-06-17,-0.00036551008128277
2025-06-18,-0.0033604911801294562
2025-06-20,0.008107696772901045
2025-06-23,0.005032829646888089
2025-06-24,-0.0038763054905674122
2025-06-25,0.00020200360876762523
2025-06-26,-0.00013172721018528313
2025-06-27,0.0019751805207654117
2025-06-30,0.007536553621194315
2025-07-01,-0.002987140549579374
2025-07-02,-0.0040483709788634225
2025-07-03,0.0116366921889455
2025-07-07,-0.002044304146307478
2025-07-08,0.0008385618396718432
2025-07-09,-0.0005548497860536933
2025-07-10,0.004442844431801064
2025-07-11,0.0038721064198151967
2025-07-14,-0.0066755570784946
2025-07-15,0.005091478249166123
2025-07-16,-7.919550312088994e-05
2025-07-17,-0.001123786549836806
2025-07-18,0.0021988217598494313
2025-07-21,0.005721123320115051
2025-07-22,-0.00613441602070567
2025-07-23,0.004360309623922141
2025-07-24,0.00045938704762401244
2025-07-25,0.004032996220441526
2025-07-28,0.00910147805314989
2025-07-29,-0.007791369150678589
2025-07-30,-0.006895775042247617
2025-07-31,-0.006396986967059156
2025-08-01,0.013833586273718966
2025-08-04,0.0011164566613221054
2025-08-05,0.0001796382451095763
2025-08-06,0.0022078767266538336
2025-08-07,0.0018620386320010837
2025-08-08,0.0011230612302778826
2025-08-11,0.00469177165339217
2025-08-12,0.004190432577102973
2025-08-13,0.007234335702491509
2025-08-14,-0.00047922399079256754
2025-08-15,-0.0009362463348395765
2025-08-18,0.00660343206879155
2025-08-19,-0.0017589135134591161
2025-08-20,-0.0017117528436422732
2025-08-21,0.01575047835022309
2025-08-22,0.008661330860292343
2025-08-25,-0.0014467354829274428
2025-08-26,0.0004246842240964376
2025-08-27,-0.0034399060468555715
2025-08-28,0.0030894170184565333
2025-08-29,0.00041975109774689196
2025-09-02,0.005124574730211562
2025-09-03,0.005950393619359968
2025-09-04,0.0015316011706340501
2025-09-05,0.0013912269362346998
2025-09-08,0.003721226154611525
2025-09-09,0.0015949693836653997
2025-09-10,0.007437678927036349
2025-09-11,0.00227095459439215
2025-09-12,-0.005479236346323522
2025-09-15,0.0007569779552213501
2025-09-16,-0.0011861295398062149
2025-09-17,0.005228902198806862
2025-09-18,0.0023435172574730826
2025-09-19,-0.005767776501893722
2025-09-22,0.00561803646927736
2025-09-23,-0.00025315176927527707
2025-09-24,-0.003968354606023823
2025-09-25,0.006704467352722917
2025-09-26,0.005985500088452261
2025-09-29,-0.0022447259750086428
2025-09-30,-0.006504523909902256
2025-10-01,-0.0005761472018408251
2025-10-02,0.005425809258714441
2025-10-03,-0.005047666841162949
2025-10-06,0.006839514784898193
2025-10-07,-0.004923502103570983
2025-10-08,-0.003554202300354324
2025-10-09,-0.006757357782550047
2025-10-10,0.014316434797676494
2025-10-13,0.009658836873745443
2025-10-14,0.003723558064126127
2025-10-15,0.00445737503940545
2025-10-16,0.003355156752484935
2025-10-17,-0.0012598233368603382
2025-10-20,0.003949604786464823
2025-10-21,0.0012158954800827455
2025-10-22,0.004237649330800072
2025-10-23,-0.0008839593340120668
2025-10-24,-0.010809228200072959
2025-10-27,-0.0032307749332184505
2025-10-28,-0.01300236377413688
2025-10-29,0.0010672812456964614
2025-10-30,-0.0001774780060691797
2025-10-31,-0.0019027549087651501
2025-11-03,0.00036802984173925384
2025-11-04,0.006528628983312792
2025-11-05,-0.00021307594298241916
2025-11-06,0.004858032115936385
2025-11-07,0.014356956361913687
2025-11-10,0.00604605365927185
2025-11-11,0.010656260434539383
2025-11-12,0.018636027756055582
2025-11-13,-9.915718053974568e-05
2025-11-14,-0.010894248542958148
2025-11-17,-0.003353780086114131
2025-11-18,0.0010225557414692494
2025-11-19,-0.01488980277796249
2025-11-20,0.013898707468173841
2025-11-21,0.013976802847990778
2025-11-24,0.0034463376797866114
2025-11-25,-0.0037053319636393776
2025-11-26,-0.0005187555582149249
2025-11-28,0.024038169277929077
2025-12-01,-0.0008772474089834907
2025-12-02,-0.001996286118760593
2025-12-03,-0.0005194596452911133
2025-12-04,-0.00295008423866199
2025-12-05,-0.004074728044550387
2025-12-08,-0.0015413786481411887
2025-12-09,0.004343668270992316
2025-12-10,0.0012594441744520314
2025-12-11,0.002458039540326654
2025-12-12,-0.0010681131689645406
2025-12-15,0.0007839536186563459
2025-12-16,-0.007093312700369662
2025-12-17,0.00982331476745242
2025-12-18,0.007874867405240665
2025-12-19,0.0
